{
  "schemaVersion": 1,
  "id": "smartmoving",
  "version": "${version}",
  "name": "SmartMoving (Fabric) \u2013 Stamina Template",
  "description": "Client-only stamina demo using Mixins (no Fabric API). 1.21.6~1.21.8",
  "authors": [
    "you"
  ],
  "license": "MIT",
  "icon": "assets/smartmoving/icon.png",
  "entrypoints": {
    "main": [
      "com.yourpkg.smartmoving.SmartMovingMod"
    ]
  },
  "depends": {
    "minecraft": ">=1.21.6 <=1.21.8",
    "fabricloader": ">=0.16.0"
  },
  "mixins": [
    "smartmoving.mixins.json"
  ],
  "environment": "*"
}
